fecha,techo,piso,promedio
4/14/2025,1400.5,999.7,1200.1
4/15/2025,1400.967,999.367,1200.167
4/16/2025,1401.434,999.034,1200.234
4/17/2025,1401.901,998.701,1200.301
4/18/2025,1402.368,998.368,1200.368
4/19/2025,1402.836,998.035,1200.4355
4/20/2025,1403.303,997.702,1200.5025
4/21/2025,1403.771,997.37,1200.5705
4/22/2025,1404.239,997.037,1200.638
4/23/2025,1404.707,996.705,1200.706
4/24/2025,1405.175,996.373,1200.774
4/25/2025,1405.644,996.041,1200.8425
4/26/2025,1406.112,995.709,1200.9105
4/27/2025,1406.581,995.377,1200.979
4/28/2025,1407.05,995.045,1201.0475
4/29/2025,1407.519,994.713,1201.116
4/30/2025,1407.988,994.382,1201.185
5/1/2025,1408.457,994.05,1201.2535
5/2/2025,1408.927,993.719,1201.323
5/3/2025,1409.396,993.388,1201.392
5/4/2025,1409.866,993.056,1201.461
5/5/2025,1410.336,992.725,1201.5305
5/6/2025,1410.806,992.394,1201.6
5/7/2025,1411.277,992.064,1201.6705
5/8/2025,1411.747,991.733,1201.74
5/9/2025,1412.218,991.402,1201.81
5/10/2025,1412.688,991.072,1201.88
5/11/2025,1413.159,990.742,1201.9505
5/12/2025,1413.63,990.411,1202.0205
5/13/2025,1414.102,990.081,1202.0915
5/14/2025,1414.573,989.751,1202.162
5/15/2025,1415.044,989.421,1202.2325
5/16/2025,1415.516,989.091,1202.3035
5/17/2025,1415.988,988.762,1202.375
5/18/2025,1416.46,988.432,1202.446
5/19/2025,1416.932,988.103,1202.5175
5/20/2025,1417.404,987.773,1202.5885
5/21/2025,1417.877,987.444,1202.6605
5/22/2025,1418.35,987.115,1202.7325
5/23/2025,1418.822,986.786,1202.804
5/24/2025,1419.295,986.457,1202.876
5/25/2025,1419.768,986.128,1202.948
5/26/2025,1420.242,985.799,1203.0205
5/27/2025,1420.715,985.471,1203.093
5/28/2025,1421.189,985.142,1203.1655
5/29/2025,1421.662,984.814,1203.238
5/30/2025,1422.136,984.486,1203.311
5/31/2025,1422.61,984.158,1203.384
6/1/2025,1423.084,983.829,1203.4565
6/2/2025,1423.559,983.502,1203.5305
6/3/2025,1424.033,983.174,1203.6035
6/4/2025,1424.508,982.846,1203.677
6/5/2025,1424.983,982.518,1203.7505
6/6/2025,1425.458,982.191,1203.8245
6/7/2025,1425.933,981.863,1203.898
6/8/2025,1426.408,981.536,1203.972
6/9/2025,1426.884,981.209,1204.0465
6/10/2025,1427.359,980.882,1204.1205
6/11/2025,1427.835,980.555,1204.195
6/12/2025,1428.311,980.228,1204.2695
6/13/2025,1428.787,979.901,1204.344
6/14/2025,1429.263,979.575,1204.419
6/15/2025,1429.74,979.248,1204.494
6/16/2025,1430.216,978.922,1204.569
6/17/2025,1430.693,978.595,1204.644
6/18/2025,1431.17,978.269,1204.7195
6/19/2025,1431.647,977.943,1204.795
6/20/2025,1432.124,977.617,1204.8705
6/21/2025,1432.602,977.291,1204.9465
6/22/2025,1433.079,976.966,1205.0225
6/23/2025,1433.557,976.64,1205.0985
6/24/2025,1434.035,976.314,1205.1745
6/25/2025,1434.513,975.989,1205.251
6/26/2025,1434.991,975.664,1205.3275
6/27/2025,1435.469,975.338,1205.4035
6/28/2025,1435.948,975.013,1205.4805
6/29/2025,1436.426,974.688,1205.557
6/30/2025,1436.905,974.363,1205.634
7/1/2025,1437.384,974.039,1205.7115
7/2/2025,1437.863,973.714,1205.7885
7/3/2025,1438.343,973.389,1205.866
7/4/2025,1438.822,973.065,1205.9435
7/5/2025,1439.302,972.74,1206.021
7/6/2025,1439.782,972.416,1206.099
7/7/2025,1440.261,972.092,1206.1765
7/8/2025,1440.742,971.768,1206.255
7/9/2025,1441.222,971.444,1206.333
7/10/2025,1441.702,971.12,1206.411
7/11/2025,1442.183,970.797,1206.49
7/12/2025,1442.663,970.473,1206.568
7/13/2025,1443.144,970.15,1206.647
7/14/2025,1443.625,969.826,1206.7255
7/15/2025,1444.107,969.503,1206.805
7/16/2025,1444.588,969.18,1206.884
7/17/2025,1445.07,968.857,1206.9635
7/18/2025,1445.551,968.534,1207.0425
7/19/2025,1446.033,968.211,1207.122
7/20/2025,1446.515,967.888,1207.2015
7/21/2025,1446.997,967.565,1207.281
7/22/2025,1447.48,967.243,1207.3615
7/23/2025,1447.962,966.921,1207.4415
7/24/2025,1448.445,966.598,1207.5215
7/25/2025,1448.928,966.276,1207.602
7/26/2025,1449.411,965.954,1207.6825
7/27/2025,1449.894,965.632,1207.763
7/28/2025,1450.377,965.31,1207.8435
7/29/2025,1450.86,964.988,1207.924
7/30/2025,1451.344,964.667,1208.0055
7/31/2025,1451.828,964.345,1208.0865
8/1/2025,1452.312,964.024,1208.168
8/2/2025,1452.796,963.702,1208.249
8/3/2025,1453.28,963.381,1208.3305
8/4/2025,1453.765,963.06,1208.4125
8/5/2025,1454.249,962.739,1208.494
8/6/2025,1454.734,962.418,1208.576
8/7/2025,1455.219,962.097,1208.658
8/8/2025,1455.704,961.777,1208.7405
8/9/2025,1456.189,961.456,1208.8225
8/10/2025,1456.674,961.135,1208.9045
8/11/2025,1457.16,960.815,1208.9875
8/12/2025,1457.646,960.495,1209.0705
8/13/2025,1458.132,960.175,1209.1535
8/14/2025,1458.618,959.855,1209.2365
8/15/2025,1459.104,959.535,1209.3195
8/16/2025,1459.59,959.215,1209.4025
8/17/2025,1460.077,958.895,1209.486
8/18/2025,1460.563,958.575,1209.569
8/19/2025,1461.05,958.256,1209.653
8/20/2025,1461.537,957.936,1209.7365
8/21/2025,1462.025,957.617,1209.821
8/22/2025,1462.512,957.298,1209.905
8/23/2025,1462.999,956.979,1209.989
8/24/2025,1463.487,956.66,1210.0735
8/25/2025,1463.975,956.341,1210.158
8/26/2025,1464.463,956.022,1210.2425
8/27/2025,1464.951,955.704,1210.3275
8/28/2025,1465.439,955.385,1210.412
8/29/2025,1465.928,955.066,1210.497
8/30/2025,1466.416,954.748,1210.582
8/31/2025,1466.905,954.43,1210.6675
9/1/2025,1467.394,954.112,1210.753
9/2/2025,1467.883,953.794,1210.8385
9/3/2025,1468.373,953.476,1210.9245
9/4/2025,1468.862,953.158,1211.01
9/5/2025,1469.352,952.84,1211.096
9/6/2025,1469.842,952.523,1211.1825
9/7/2025,1470.331,952.205,1211.268
9/8/2025,1470.822,951.888,1211.355
9/9/2025,1471.312,951.57,1211.441
9/10/2025,1471.802,951.253,1211.5275
9/11/2025,1472.293,950.936,1211.6145
9/12/2025,1472.784,950.619,1211.7015
9/13/2025,1473.275,950.302,1211.7885
9/14/2025,1473.766,949.986,1211.876
9/15/2025,1474.257,949.669,1211.963
9/16/2025,1474.748,949.352,1212.05
9/17/2025,1475.24,949.036,1212.138
9/18/2025,1475.732,948.719,1212.2255
9/19/2025,1476.224,948.403,1212.3135
9/20/2025,1476.716,948.087,1212.4015
9/21/2025,1477.208,947.771,1212.4895
9/22/2025,1477.7,947.455,1212.5775
9/23/2025,1478.193,947.139,1212.666
9/24/2025,1478.686,946.824,1212.755
9/25/2025,1479.179,946.508,1212.8435
9/26/2025,1479.672,946.193,1212.9325
9/27/2025,1480.165,945.877,1213.021
9/28/2025,1480.658,945.562,1213.11
9/29/2025,1481.152,945.247,1213.1995
9/30/2025,1481.645,944.932,1213.2885
10/1/2025,1482.139,944.617,1213.378
10/2/2025,1482.633,944.302,1213.4675
10/3/2025,1483.128,943.987,1213.5575
10/4/2025,1483.622,943.672,1213.647
10/5/2025,1484.117,943.358,1213.7375
10/6/2025,1484.611,943.043,1213.827
10/7/2025,1485.106,942.729,1213.9175
10/8/2025,1485.601,942.415,1214.008
10/9/2025,1486.096,942.101,1214.0985
10/10/2025,1486.592,941.787,1214.1895
10/11/2025,1487.087,941.473,1214.28
10/12/2025,1487.583,941.159,1214.371
10/13/2025,1488.079,940.845,1214.462
10/14/2025,1488.575,940.531,1214.553
10/15/2025,1489.071,940.218,1214.6445
10/16/2025,1489.567,939.905,1214.736
10/17/2025,1490.064,939.591,1214.8275
10/18/2025,1490.561,939.278,1214.9195
10/19/2025,1491.057,938.965,1215.011
10/20/2025,1491.554,938.652,1215.103
10/21/2025,1492.052,938.339,1215.1955
10/22/2025,1492.549,938.026,1215.2875
10/23/2025,1493.046,937.714,1215.38
10/24/2025,1493.544,937.401,1215.4725
10/25/2025,1494.042,937.089,1215.5655
10/26/2025,1494.54,936.776,1215.658
10/27/2025,1495.038,936.464,1215.751
10/28/2025,1495.537,936.152,1215.8445
10/29/2025,1496.035,935.84,1215.9375
10/30/2025,1496.534,935.528,1216.031
10/31/2025,1497.033,935.216,1216.1245
11/1/2025,1497.532,934.904,1216.218
11/2/2025,1498.031,934.593,1216.312
11/3/2025,1498.53,934.281,1216.4055
11/4/2025,1499.03,933.97,1216.5
11/5/2025,1499.529,933.658,1216.5935
11/6/2025,1500.029,933.347,1216.688
11/7/2025,1500.529,933.036,1216.7825
11/8/2025,1501.029,932.725,1216.877
11/9/2025,1501.53,932.414,1216.972
11/10/2025,1502.03,932.103,1217.0665
11/11/2025,1502.531,931.793,1217.162
11/12/2025,1503.032,931.482,1217.257
11/13/2025,1503.533,931.171,1217.352
11/14/2025,1504.034,930.861,1217.4475
11/15/2025,1504.535,930.551,1217.543
11/16/2025,1505.037,930.241,1217.639
11/17/2025,1505.538,929.93,1217.734
11/18/2025,1506.04,929.621,1217.8305
11/19/2025,1506.542,929.311,1217.9265
11/20/2025,1507.044,929.001,1218.0225
11/21/2025,1507.547,928.691,1218.119
11/22/2025,1508.049,928.382,1218.2155
11/23/2025,1508.552,928.072,1218.312
11/24/2025,1509.055,927.763,1218.409
11/25/2025,1509.558,927.454,1218.506
11/26/2025,1510.061,927.144,1218.6025
11/27/2025,1510.564,926.835,1218.6995
11/28/2025,1511.068,926.526,1218.797
11/29/2025,1511.572,926.218,1218.895
11/30/2025,1512.075,925.909,1218.992
12/1/2025,1512.58,925.6,1219.09
12/2/2025,1513.084,925.292,1219.188
12/3/2025,1513.588,924.983,1219.2855
12/4/2025,1514.093,924.675,1219.384
12/5/2025,1514.597,924.367,1219.482
12/6/2025,1515.102,924.059,1219.5805
12/7/2025,1515.607,923.751,1219.679
12/8/2025,1516.112,923.443,1219.7775
12/9/2025,1516.618,923.135,1219.8765
12/10/2025,1517.123,922.827,1219.975
12/11/2025,1517.629,922.519,1220.074
12/12/2025,1518.135,922.212,1220.1735
12/13/2025,1518.641,921.905,1220.273
12/14/2025,1519.147,921.597,1220.372
12/15/2025,1519.654,921.29,1220.472
12/16/2025,1520.16,920.983,1220.5715
12/17/2025,1520.667,920.676,1220.6715
12/18/2025,1521.174,920.369,1220.7715
12/19/2025,1521.681,920.062,1220.8715
12/20/2025,1522.188,919.756,1220.972
12/21/2025,1522.695,919.449,1221.072
12/22/2025,1523.203,919.143,1221.173
12/23/2025,1523.711,918.836,1221.2735
12/24/2025,1524.219,918.53,1221.3745
12/25/2025,1524.727,918.224,1221.4755
12/26/2025,1525.235,917.918,1221.5765
12/27/2025,1525.743,917.612,1221.6775
12/28/2025,1526.252,917.306,1221.779
12/29/2025,1526.761,917,1221.8805
12/30/2025,1527.27,916.694,1221.982
12/31/2025,1527.779,916.389,1222.084
1/2/2026,1529.03,914.78,1221.905
1/5/2026,1532.69,912.54,1222.615
1/6/2026,1533.91,911.8,1222.855
1/7/2026,1535.13,911.05,1223.09
1/8/2026,1536.35,910.31,1223.33
1/9/2026,1537.58,909.57,1223.575
1/12/2026,1541.26,907.34,1224.3
1/13/2026,1542.49,906.6,1224.545
1/14/2026,1543.71,905.86,1224.785
1/15/2026,1544.94,905.12,1225.03
1/16/2026,1546.18,904.38,1225.28
1/19/2026,1549.88,902.17,1226.025
1/20/2026,1551.11,901.43,1226.27
1/21/2026,1552.35,900.69,1226.52
1/22/2026,1553.58,899.96,1226.77
1/23/2026,1554.82,899.22,1227.02
1/26/2026,1558.54,897.02,1227.78
1/27/2026,1559.78,896.29,1228.035
1/28/2026,1561.03,895.56,1228.295
1/29/2026,1562.27,894.83,1228.55
1/30/2026,1563.51,894.1,1228.805
2/2/2026,1567.85,891.56,1229.705
2/3/2026,1569.4,890.65,1230.025
2/4/2026,1570.95,889.75,1230.35
2/5/2026,1572.5,888.85,1230.675
2/6/2026,1574.05,887.95,1231
2/9/2026,1578.71,885.25,1231.98
2/10/2026,1580.27,884.35,1232.31
2/11/2026,1581.83,883.46,1232.645
2/12/2026,1583.39,882.56,1232.975
2/13/2026,1584.95,881.67,1233.31
2/18/2026,1592.79,877.21,1235
2/19/2026,1594.36,876.32,1235.34
2/20/2026,1595.93,875.43,1235.68
2/23/2026,1600.66,872.77,1236.715
2/24/2026,1602.24,871.88,1237.06
2/25/2026,1603.82,871,1237.41
2/26/2026,1605.4,870.12,1237.76
2/27/2026,1606.99,869.24,1238.115
3/2/2026,1611.54,866.71,1239.125
3/3/2026,1613.03,865.89,1239.46
3/4/2026,1614.52,865.06,1239.79
3/5/2026,1616.01,864.24,1240.125
3/6/2026,1617.5,863.42,1240.46
3/9/2026,1621.98,860.97,1241.475
3/10/2026,1623.48,860.15,1241.815
3/11/2026,1624.97,859.33,1242.15
3/12/2026,1626.47,858.52,1242.495
3/13/2026,1627.97,857.7,1242.835
3/16/2026,1632.48,855.26,1243.87
3/17/2026,1633.99,854.45,1244.22
3/18/2026,1635.5,853.64,1244.57
3/19/2026,1637.01,852.83,1244.92
3/20/2026,1638.52,852.02,1245.27
3/25/2026,1646.09,847.99,1247.04
3/26/2026,1647.61,847.18,1247.395
3/27/2026,1649.13,846.38,1247.755
3/30/2026,1653.7,843.97,1248.835
3/31/2026,1655.22,843.17,1249.195
