fecha,precio
17/3/2025 03:00:00,1068.2128
18/3/2025 03:00:00,1068.3644
19/3/2025 03:00:00,1069.0115
20/3/2025 03:00:00,1069.0428
21/3/2025 03:00:00,1068.3027
25/3/2025 03:00:00,1070.8257
26/3/2025 03:00:00,1071.3093
27/3/2025 03:00:00,1071.5227
28/3/2025 03:00:00,1070.9691
31/3/2025 03:00:00,1073.0979
1/4/2025 03:00:00,1072.918
3/4/2025 03:00:00,1074.1038
4/4/2025 03:00:00,1073.4634
7/4/2025 03:00:00,1075.5159
8/4/2025 03:00:00,1075.8248
9/4/2025 03:00:00,1076.5104
10/4/2025 03:00:00,1076.5854
11/4/2025 03:00:00,1075.3297
14/4/2025 03:00:00,1189.2566
15/4/2025 03:00:00,1199.1798
16/4/2025 03:00:00,1162.0159
21/4/2025 03:00:00,1082.272
22/4/2025 03:00:00,1092.0538
23/4/2025 03:00:00,1135.2747
24/4/2025 03:00:00,1176.6918
25/4/2025 03:00:00,1173.9497
28/4/2025 03:00:00,1164.8855
29/4/2025 03:00:00,1171.4315
30/4/2025 03:00:00,1169.5444
5/5/2025 03:00:00,1182.7354
6/5/2025 03:00:00,1201.8551
7/5/2025 03:00:00,1150.9364
8/5/2025 03:00:00,1115.3589
9/5/2025 03:00:00,1114.4547
12/5/2025 03:00:00,1128.0269
13/5/2025 03:00:00,1124.8623
14/5/2025 03:00:00,1130.4915
15/5/2025 03:00:00,1135.9207
16/5/2025 03:00:00,1144.8073
19/5/2025 03:00:00,1134.3671
20/5/2025 03:00:00,1143.0444
21/5/2025 03:00:00,1144.6138
22/5/2025 03:00:00,1142.3444
23/5/2025 03:00:00,1136.4617
27/5/2025 03:00:00,1148.4205
28/5/2025 03:00:00,1162.3146
29/5/2025 03:00:00,1175.8934
30/5/2025 03:00:00,1196.2443
2/6/2025 03:00:00,1182.2738
3/6/2025 03:00:00,1185.7009
4/6/2025 03:00:00,1184.3539
5/6/2025 03:00:00,1190.1604
6/6/2025 03:00:00,1189.0756
9/6/2025 03:00:00,1187.3215
10/6/2025 03:00:00,1187.3528
11/6/2025 03:00:00,1183.6859
12/6/2025 03:00:00,1186.3999
13/6/2025 03:00:00,1184.7565
17/6/2025 03:00:00,1177.4198
18/6/2025 03:00:00,1146.302
23/6/2025 03:00:00,1168.4825
24/6/2025 03:00:00,1178.1132
25/6/2025 03:00:00,1176.724
26/6/2025 03:00:00,1192.3014
27/6/2025 03:00:00,1187.0327
30/6/2025 03:00:00,1193.3121
1/7/2025 03:00:00,1207.8153
2/7/2025 03:00:00,1232.3434
3/7/2025 03:00:00,1225.9089
7/7/2025 03:00:00,1263.1807
8/7/2025 03:00:00,1257.3591
10/7/2025 03:00:00,1261.2496
11/7/2025 03:00:00,1261.3674
14/7/2025 03:00:00,1268.4539
15/7/2025 03:00:00,1277.0442
16/7/2025 03:00:00,1257.8407
17/7/2025 03:00:00,1266.7705
18/7/2025 03:00:00,1282.9014
21/7/2025 03:00:00,1287.3074
22/7/2025 03:00:00,1261.0431
23/7/2025 03:00:00,1259.6431
24/7/2025 03:00:00,1261.7827
25/7/2025 03:00:00,1278.3439
28/7/2025 03:00:00,1290.4368
29/7/2025 03:00:00,1295.2062
30/7/2025 03:00:00,1297.3245
31/7/2025 03:00:00,1356.9905
1/8/2025 03:00:00,1364.9016
4/8/2025 03:00:00,1362.0563
5/8/2025 03:00:00,1348.5603
6/8/2025 03:00:00,1333.3021
7/8/2025 03:00:00,1329.5576
8/8/2025 03:00:00,1324.7318
11/8/2025 03:00:00,1327.6051
12/8/2025 03:00:00,1317.6909
13/8/2025 03:00:00,1317.7236
14/8/2025 03:00:00,1298.1354
18/8/2025 03:00:00,1296.6604
19/8/2025 03:00:00,1293.891
20/8/2025 03:00:00,1299.0688
21/8/2025 03:00:00,1311.6772
22/8/2025 03:00:00,1322.6124
25/8/2025 03:00:00,1349.7784
26/8/2025 03:00:00,1353.8983
27/8/2025 03:00:00,1360.0109
28/8/2025 03:00:00,1338.8644
29/8/2025 03:00:00,1330.1
2/9/2025 03:00:00,1365.2227
3/9/2025 03:00:00,1361.4104
4/9/2025 03:00:00,1362.602
5/9/2025 03:00:00,1366.1195
8/9/2025 03:00:00,1424.0857
9/9/2025 03:00:00,1419.2256
10/9/2025 03:00:00,1418.7972
11/9/2025 03:00:00,1428.8694
12/9/2025 03:00:00,1450.185
15/9/2025 03:00:00,1463.7825
16/9/2025 03:00:00,1464.3728
17/9/2025 03:00:00,1473.9847
18/9/2025 03:00:00,1474.4945
19/9/2025 03:00:00,1475.4567
22/9/2025 03:00:00,1432.339
23/9/2025 03:00:00,1355.8496
24/9/2025 03:00:00,1349.3229
2025-09-25 12:55:58,1325.0
2025-09-25 12:56:39,1325.0
2025-09-25 12:58:37,1325.0
2025-09-25 12:59:57,1325.0
2025-09-25 13:00:12,1325.0
2025-09-25 13:00:25,1325.0
2025-09-25 13:00:56,1325.0
2025-09-25 13:01:14,1325.0
2025-09-25 13:01:26,1325.0
2025-09-25 13:05:15,1325.0
2025-09-25 13:05:59,1325.0
2025-09-25 13:08:58,1328.0
2025-09-25 13:18:29,1335.0
2025-09-25 13:22:10,1335.0
2025-09-25 13:24:15,1331.0
