fecha,piso,techo
2025-04-14,1000.0,1400.0
2025-04-15,999.67,1400.46
2025-04-16,999.33,1400.93
2025-04-21,997.66,1403.25
2025-04-22,997.32,1403.72
2025-04-23,996.99,1404.19
2025-04-24,996.66,1404.65
2025-04-25,996.32,1405.12
2025-04-28,995.32,1406.52
2025-04-29,994.99,1406.98
2025-04-30,994.65,1407.45
2025-05-05,992.99,1409.79
2025-05-06,992.66,1410.25
2025-05-07,992.32,1410.72
2025-05-08,991.99,1411.19
2025-05-09,991.66,1411.66
2025-05-12,990.66,1413.06
2025-05-13,990.33,1413.53
2025-05-14,990.0,1414.0
2025-05-15,989.67,1414.47
2025-05-16,989.34,1414.94
2025-05-19,988.34,1416.35
2025-05-20,988.01,1416.82
2025-05-21,987.68,1417.29
2025-05-22,987.35,1417.76
2025-05-23,987.02,1418.23
2025-05-26,986.03,1419.64
2025-05-27,985.7,1420.11
2025-05-28,985.37,1420.58
2025-05-29,985.04,1421.05
2025-05-30,984.71,1421.52
2025-06-02,983.72,1422.94
2025-06-03,983.39,1423.41
2025-06-04,983.06,1423.88
2025-06-05,982.73,1424.36
2025-06-06,982.4,1424.83
2025-06-09,981.41,1426.25
2025-06-10,981.09,1426.72
2025-06-11,980.76,1427.19
2025-06-12,980.43,1427.67
2025-06-13,980.1,1428.14
2025-06-17,978.79,1430.04
2025-06-18,978.46,1430.51
2025-06-19,978.13,1430.98
2025-06-23,976.82,1432.88
2025-06-24,976.49,1433.36
2025-06-25,976.17,1433.84
2025-06-26,975.84,1434.31
2025-06-27,975.51,1434.79
2025-06-30,974.53,1436.22
2025-07-01,974.21,1436.69
2025-07-02,973.88,1437.17
2025-07-03,973.56,1437.65
2025-07-04,973.23,1438.12
2025-07-07,972.25,1439.55
2025-07-08,971.93,1440.03
2025-07-10,971.27,1440.99
2025-07-11,970.95,1441.46
2025-07-14,969.97,1442.9
2025-07-15,969.65,1443.38
2025-07-16,969.32,1443.86
2025-07-17,969.0,1444.34
2025-07-18,968.68,1444.82
2025-07-21,967.7,1446.25
2025-07-22,967.38,1446.73
2025-07-23,967.05,1447.21
2025-07-24,966.73,1447.69
2025-07-25,966.41,1448.17
2025-07-28,965.44,1449.62
2025-07-29,965.11,1450.1
2025-07-30,964.79,1450.58
2025-07-31,964.47,1451.06
2025-08-01,964.14,1451.54
2025-08-04,963.17,1452.99
2025-08-05,962.85,1453.47
2025-08-06,962.53,1453.95
2025-08-07,962.21,1454.43
2025-08-08,961.88,1454.91
2025-08-11,960.92,1456.36
2025-08-12,960.6,1456.85
2025-08-13,960.27,1457.33
2025-08-14,959.95,1457.81
2025-08-18,958.67,1459.75
2025-08-19,958.35,1460.23
2025-08-20,958.02,1460.72
2025-08-21,957.7,1461.2
2025-08-22,957.38,1461.69
2025-08-25,956.42,1463.14
2025-08-26,956.1,1463.63
2025-08-27,955.78,1464.11
2025-08-28,955.46,1464.6
2025-08-29,955.14,1465.08
2025-09-01,954.18,1466.54
2025-09-02,953.86,1467.03
2025-09-03,953.54,1467.51
2025-09-04,953.22,1468.0
2025-09-05,952.9,1468.49
2025-09-08,951.95,1469.95
2025-09-09,951.63,1470.44
2025-09-10,951.31,1470.93
2025-09-11,950.99,1471.41
2025-09-12,950.67,1471.9
2025-09-15,949.72,1473.37
2025-09-16,949.4,1473.86
2025-09-17,949.08,1474.35
2025-09-18,948.76,1474.83
2025-09-19,948.44,1475.32
2025-09-22,947.49,1476.79
2025-09-23,947.17,1477.28
2025-09-24,946.86,1477.77
2025-09-25,946.54,1478.26
2025-09-26,946.22,1478.75
2025-09-29,945.27,1480.22
2025-09-30,944.96,1480.72
2025-10-01,944.64,1481.21
2025-10-02,944.32,1481.7
2025-10-03,944.01,1482.19
2025-10-06,943.06,1483.67
2025-10-07,942.74,1484.16
2025-10-08,942.43,1484.65
2025-10-09,942.11,1485.14
2025-10-13,940.85,1487.11
2025-10-14,940.53,1487.61
2025-10-15,940.22,1488.1
2025-10-16,939.9,1488.59
2025-10-17,939.59,1489.09
2025-10-20,938.65,1490.57
2025-10-21,938.33,1491.07
2025-10-22,938.02,1491.56
2025-10-23,937.7,1492.05
2025-10-24,937.39,1492.55
2025-10-27,936.45,1494.04
2025-10-28,936.13,1494.53
2025-10-29,935.82,1495.03
2025-10-30,935.51,1495.52
2025-10-31,935.19,1496.02
2025-11-03,934.25,1497.51
2025-11-04,933.94,1498.01
2025-11-05,933.63,1498.5
2025-11-07,933.0,1499.5
2025-11-10,932.07,1500.99
2025-11-11,931.75,1501.49
2025-11-12,931.44,1501.99
2025-11-13,931.13,1502.48
2025-11-14,930.82,1502.98
2025-11-17,929.88,1504.48
2025-11-18,929.57,1504.98
2025-11-19,929.26,1505.48
2025-11-20,928.95,1505.98
2025-11-25,927.39,1508.48
2025-11-26,927.08,1508.98
2025-11-27,926.77,1509.48
2025-11-28,926.46,1509.98
2025-12-01,925.53,1511.48
2025-12-02,925.22,1511.98
2025-12-03,924.91,1512.48
2025-12-04,924.6,1512.99
2025-12-05,924.29,1513.49
2025-12-09,923.05,1515.5
2025-12-10,922.74,1516.0
2025-12-11,922.44,1516.5
2025-12-12,922.13,1517.01
2025-12-15,921.2,1518.52
2025-12-16,920.89,1519.02
2025-12-17,920.58,1519.52
2025-12-18,920.27,1520.03
2025-12-19,919.97,1520.53
2025-12-22,919.04,1522.05
2025-12-23,918.73,1522.55
2025-12-26,917.81,1524.07
2025-12-29,916.89,1525.58
2025-12-30,916.58,1526.09
2026-01-02,914.78,1529.03
2026-01-05,912.54,1532.69
2026-01-06,911.8,1533.91
2026-01-07,911.05,1535.13
2026-01-08,910.31,1536.35
2026-01-09,909.57,1537.58
2026-01-12,907.34,1541.26
2026-01-13,906.6,1542.49
2026-01-14,905.86,1543.71
2026-01-15,905.12,1544.94
2026-01-16,904.38,1546.18
2026-01-19,902.17,1549.88
2026-01-20,901.43,1551.11
2026-01-21,900.69,1552.35
2026-01-22,899.96,1553.58
2026-01-23,899.22,1554.82
2026-01-26,897.02,1558.54
2026-01-27,896.29,1559.78
2026-01-28,895.56,1561.03
2026-01-29,894.83,1562.27
2026-01-30,894.1,1563.51
2026-02-02,891.56,1567.85
2026-02-03,890.65,1569.4
2026-02-04,889.75,1570.95
2026-02-05,888.85,1572.5
2026-02-06,887.95,1574.05
2026-02-09,885.25,1578.71
2026-02-10,884.35,1580.27
2026-02-11,883.46,1581.83
2026-02-12,882.56,1583.39
2026-02-13,881.67,1584.95
2026-02-18,877.21,1592.79
2026-02-19,876.32,1594.36
2026-02-20,875.43,1595.93
2026-02-23,872.77,1600.66
2026-02-24,871.88,1602.24
2026-02-25,871.0,1603.82
2026-02-26,870.12,1605.4
2026-02-27,869.24,1606.99
2026-03-02,866.71,1611.54
2026-03-03,865.89,1613.03
2026-03-04,865.06,1614.52
2026-03-05,864.24,1616.01
2026-03-06,863.42,1617.5
2026-03-09,860.97,1621.98
2026-03-10,860.15,1623.48
2026-03-11,859.33,1624.97
2026-03-12,858.52,1626.47
2026-03-13,857.7,1627.97
2026-03-16,855.26,1632.48
2026-03-17,854.45,1633.99
2026-03-18,853.64,1635.5
2026-03-19,852.83,1637.01
2026-03-20,852.02,1638.52
2026-03-25,847.99,1646.09
2026-03-26,847.18,1647.61
2026-03-27,846.38,1649.13
2026-03-30,843.97,1653.7
2026-03-31,843.17,1655.22
2026-04-01,842.35,1656.8
2026-04-06,838.22,1664.71
2026-04-07,837.4,1666.3
2026-04-08,836.58,1667.89
2026-04-09,835.76,1669.48
2026-04-10,834.94,1671.07
2026-04-13,832.49,1675.85
2026-04-14,831.67,1677.45
2026-04-15,830.86,1679.05
2026-04-16,830.04,1680.65
2026-04-17,829.23,1682.25
2026-04-20,826.79,1687.07
2026-04-21,825.98,1688.68
2026-04-22,825.17,1690.29
2026-04-23,824.36,1691.9
2026-04-24,823.55,1693.51
2026-04-27,821.13,1698.36
2026-04-28,820.33,1699.98
2026-04-29,819.52,1701.6
2026-04-30,818.72,1703.22
2026-05-04,815.07,1710.59
2026-05-05,814.17,1712.43
2026-05-06,813.26,1714.28
2026-05-07,812.35,1716.13
2026-05-08,811.44,1717.98
2026-05-11,808.73,1723.55
2026-05-12,807.83,1725.41
2026-05-13,806.93,1727.27
2026-05-14,806.03,1729.14
2026-05-15,805.13,1731.0
2026-05-18,802.44,1736.61
2026-05-19,801.55,1738.49
2026-05-20,800.65,1740.36
2026-05-21,799.76,1742.24
2026-05-22,798.87,1744.12
2026-05-26,795.31,1751.66
2026-05-27,794.42,1753.55
2026-05-28,793.54,1755.44
2026-05-29,792.65,1757.34
2026-06-01,790.19,1762.64
2026-06-02,789.5,1764.15
2026-06-03,788.8,1765.66
2026-06-04,788.11,1767.17
2026-06-05,787.42,1768.68
2026-06-08,785.35,1773.23
2026-06-09,784.66,1774.75
2026-06-10,783.97,1776.27
2026-06-11,783.28,1777.79
2026-06-12,782.59,1779.31
2026-06-16,779.85,1785.41
2026-06-17,779.16,1786.94
2026-06-18,778.48,1788.47
2026-06-19,777.8,1790.0
2026-06-22,775.75,1794.6
2026-06-23,775.07,1796.13
2026-06-24,774.39,1797.67
2026-06-25,773.71,1799.21
2026-06-26,773.03,1800.75
2026-06-29,771.0,1805.38
2026-06-30,770.32,1806.92
2026-07-01,769.79,1808.13
2026-07-02,769.27,1809.35
2026-07-03,768.74,1810.56
2026-07-06,767.16,1814.21
2026-07-07,766.64,1815.42
2026-07-08,766.11,1816.64
2026-07-13,763.5,1822.74
2026-07-14,762.97,1823.96
2026-07-15,762.45,1825.19
2026-07-16,761.93,1826.41
2026-07-17,761.41,1827.63
2026-07-20,759.84,1831.31
2026-07-21,759.32,1832.54
2026-07-22,758.81,1833.77
2026-07-23,758.29,1835.0
2026-07-24,757.77,1836.23
2026-07-27,756.21,1839.93
2026-07-28,755.69,1841.16
2026-07-29,755.18,1842.4
2026-07-30,754.66,1843.63
2026-07-31,754.14,1844.87
2026-08-03,752.75,1848.23
2026-08-04,752.28,1849.35
2026-08-05,751.81,1850.48
2026-08-06,751.35,1851.6
2026-08-07,750.88,1852.73
2026-08-10,749.49,1856.1
2026-08-11,749.03,1857.23
2026-08-12,748.56,1858.36
2026-08-13,748.1,1859.49
2026-08-14,747.64,1860.62
2026-08-18,745.79,1865.14
2026-08-19,745.33,1866.27
2026-08-20,744.87,1867.41
2026-08-21,744.41,1868.54
2026-08-24,743.03,1871.95
2026-08-25,742.57,1873.08
2026-08-26,742.11,1874.22
2026-08-27,741.65,1875.36
2026-08-28,741.19,1876.5
2026-08-31,739.82,1879.92
2026-09-01,739.29,1881.22
2026-09-02,738.77,1882.53
2026-09-03,738.25,1883.83
2026-09-04,737.72,1885.14
2026-09-07,736.16,1889.06
2026-09-08,735.64,1890.37
2026-09-09,735.12,1891.68
2026-09-10,734.6,1892.99
2026-09-11,734.08,1894.3
2026-09-14,732.52,1898.24
2026-09-15,732.01,1899.56
2026-09-16,731.49,1900.87
2026-09-17,730.97,1902.19
2026-09-18,730.45,1903.51
2026-09-21,728.91,1907.47
2026-09-22,728.39,1908.79
2026-09-23,727.87,1910.11
2026-09-24,727.36,1911.44
2026-09-25,726.85,1912.76
2026-09-28,725.3,1916.74
2026-09-29,724.79,1918.07
2026-09-30,724.28,1919.4
2026-10-01,723.88,1920.44
2026-10-02,723.48,1921.49
2026-10-05,722.28,1924.62
2026-10-06,721.88,1925.67
2026-10-07,721.48,1926.72
2026-10-08,721.08,1927.77
2026-10-09,720.68,1928.82
2026-10-13,719.09,1933.02
2026-10-14,718.69,1934.07
2026-10-15,718.3,1935.12
2026-10-16,717.9,1936.17
2026-10-19,716.71,1939.33
2026-10-20,716.31,1940.39
2026-10-21,715.92,1941.44
2026-10-22,715.52,1942.5
2026-10-23,715.12,1943.56
2026-10-26,713.94,1946.73
2026-10-27,713.54,1947.79
2026-10-28,713.15,1948.85
2026-10-29,712.75,1949.91
2026-10-30,712.36,1950.97
