fecha,precio
2025-03-05,1063.415
2025-03-06,1063.8278
2025-03-07,1064.3394
2025-03-10,1065.541
2025-03-11,1065.7025
2025-03-12,1066.0099
2025-03-13,1066.2288
2025-03-14,1066.7559
2025-03-17,1068.2128
2025-03-18,1068.3644
2025-03-19,1069.0115
2025-03-20,1069.0428
2025-03-21,1068.306
2025-03-25,1070.8301
2025-03-26,1071.3093
2025-03-27,1071.5227
2025-03-28,1070.9691
2025-03-31,1073.0979
2025-04-01,1072.918
2025-04-03,1074.1038
2025-04-04,1073.4634
2025-04-07,1075.5189
2025-04-08,1075.8248
2025-04-09,1076.5104
2025-04-10,1076.5854
2025-04-11,1075.3297
2025-04-14,1189.3408
2025-04-15,1199.1798
2025-04-16,1162.0289
2025-04-21,1082.2896
2025-04-22,1092.0658
2025-04-23,1135.2954
2025-04-24,1176.7036
2025-04-25,1173.9578
2025-04-28,1164.9523
2025-04-29,1171.4315
2025-04-30,1169.5444
2025-05-05,1182.737
2025-05-06,1201.8673
2025-05-07,1150.9767
2025-05-08,1115.3778
2025-05-09,1114.4697
2025-05-12,1128.0413
2025-05-13,1124.8636
2025-05-14,1130.4976
2025-05-15,1135.9226
2025-05-16,1144.8372
2025-05-19,1134.38
2025-05-20,1143.0493
2025-05-21,1144.6212
2025-05-22,1142.3527
2025-05-23,1136.4631
2025-05-27,1148.4313
2025-05-28,1162.3182
2025-05-29,1175.9083
2025-05-30,1196.2443
2025-06-02,1182.2898
2025-06-03,1185.7532
2025-06-04,1184.3556
2025-06-05,1190.1663
2025-06-06,1189.0756
2025-06-09,1187.324
2025-06-10,1187.3528
2025-06-11,1183.6859
2025-06-12,1186.4066
2025-06-13,1184.7783
2025-06-17,1177.422
2025-06-18,1146.302
2025-06-23,1168.4946
2025-06-24,1178.1132
2025-06-25,1176.7383
2025-06-26,1192.3033
2025-06-27,1187.0343
2025-06-30,1193.3302
2025-07-01,1207.8232
2025-07-02,1232.3434
2025-07-03,1225.9089
2025-07-07,1263.1934
2025-07-08,1257.3682
2025-07-10,1261.2496
2025-07-11,1261.3844
2025-07-14,1268.4626
2025-07-15,1277.0555
2025-07-16,1257.8584
2025-07-17,1266.7869
2025-07-18,1282.9048
2025-07-21,1287.3202
2025-07-22,1261.1036
2025-07-23,1259.6484
2025-07-24,1261.8157
2025-07-25,1278.3525
2025-07-28,1290.4521
2025-07-29,1295.2175
2025-07-30,1297.3605
2025-07-31,1357.0087
2025-08-01,1364.9274
2025-08-04,1362.0619
2025-08-05,1348.57
2025-08-06,1333.3085
2025-08-07,1329.5576
2025-08-08,1324.7351
2025-08-11,1327.6069
2025-08-12,1317.6909
2025-08-13,1317.75
2025-08-14,1298.143
2025-08-18,1296.6727
2025-08-19,1293.891
2025-08-20,1299.0688
2025-08-21,1311.6884
2025-08-22,1322.621
2025-08-25,1349.7838
2025-08-26,1353.8998
2025-08-27,1360.0135
2025-08-28,1338.8757
2025-08-29,1330.1678
2025-09-02,1365.224
2025-09-03,1361.4104
2025-09-04,1362.602
2025-09-05,1366.1288
2025-09-08,1424.0941
2025-09-09,1419.2301
2025-09-10,1418.7997
2025-09-11,1428.8804
2025-09-12,1450.185
2025-09-15,1463.845
2025-09-16,1464.3728
2025-09-17,1473.9847
2025-09-18,1474.4945
2025-09-19,1475.4567
2025-09-22,1432.3635
2025-09-23,1355.8541
2025-09-24,1349.3301
2025-09-25,1328.1084
2025-09-26,1331.5554
2025-09-29,1341.6771
2025-09-30,1374.025
2025-10-01,1424.7794
2025-10-02,1424.6221
2025-10-03,1424.9015
2025-10-06,1429.9982
2025-10-07,1430.0143
2025-10-08,1430.0298
2025-10-09,1445.8451
2025-10-14,1360.5026
2025-10-15,1374.594
2025-10-16,1391.4231
2025-10-17,1451.0302
2025-10-20,1468.6167
2025-10-21,1487.8336
2025-10-22,1487.5168
2025-10-23,1484.1284
2025-10-24,1487.86
2025-10-27,1399.3921
2025-10-28,1470.8683
2025-10-29,1451.923
2025-10-30,1434.8594
2025-10-31,1445.9563
2025-11-03,1464.5646
2025-11-04,1471.4487
2025-11-05,1447.6355
2025-11-07,1434.8132
2025-11-10,1420.3748
2025-11-12,1403.0524
2025-11-13,1407.8024
2025-11-14,1404.9287
2025-11-17,1401.7639
2025-11-18,1392.025
2025-11-19,1402.779
2025-11-20,1418.6
2025-11-25,1446.06
2025-11-26,1450.5885
2025-11-28,1450.6201
2025-12-01,1449.9003
2025-12-02,1454.6627
2025-12-03,1453.8477
2025-12-04,1447.5896
2025-12-05,1440.0085
2025-12-09,1439.3232
2025-12-10,1438.0428
2025-12-11,1437.9939
2025-12-12,1439.1218
2025-12-15,1440.4795
2025-12-16,1452.0646
2025-12-17,1449.3583
2025-12-18,1453.4788
2025-12-19,1452.151
2025-12-22,1451.3027
2025-12-23,1450.3435
2025-12-26,1451.9496
2025-12-29,1455.7809
2025-12-30,1459.2133
2026-01-02,1469.6405
2026-01-05,1473.0568
2026-01-06,1467.733
2026-01-07,1466.4419
2026-01-08,1459.4448
2026-01-09,1466.5925
2026-01-12,1466.7234
2026-01-13,1463.5974
2026-01-14,1454.3422
2026-01-15,1444.1166
2026-01-16,1430.8835
2026-01-20,1435.7379
2026-01-21,1429.8312
2026-01-22,1427.0317
2026-01-23,1432.9178
2026-01-26,1438.5153
2026-01-27,1441.2004
2026-01-28,1442.5574
2026-01-29,1446.1775
2026-01-30,1447.7574
2026-02-02,1451.5089
2026-02-03,1447.9523
2026-02-04,1447.759
2026-02-05,1445.5366
2026-02-06,1430.2776
2026-02-09,1423.8433
2026-02-10,1405.0459
2026-02-11,1403.2014
2026-02-12,1393.6469
2026-02-13,1395.1921
2026-02-18,1402.6504
2026-02-19,1392.2078
2026-02-20,1384.4884
2026-02-23,1366.3932
2026-02-24,1377.3165
2026-02-25,1388.4681
2026-02-26,1408.3274
2026-02-27,1410.26
2026-03-02,1401.5227
2026-03-03,1411.6588
2026-03-04,1401.6184
2026-03-05,1407.0687
2026-03-06,1413.8986
2026-03-09,1418.0703
2026-03-10,1402.1399
2026-03-11,1396.183
2026-03-12,1399.7161
2026-03-13,1392.7754
2026-03-16,1394.6921
2026-03-17,1395.4434
2026-03-18,1399.68
2026-03-19,1395.1133
2026-03-20,1393.5004
2026-03-25,1378.8083
2026-03-26,1370.2183
2026-03-27,1376.4103
2026-03-30,1393.7635
2026-03-31,1382.4772
2026-04-01,1387.5444
2026-04-06,1391.1903
2026-04-07,1395.1539
2026-04-08,1386.9075
2026-04-09,1383.2467
2026-04-10,1373.4111
2026-04-13,1363.4498
2026-04-14,1358.7413
2026-04-15,1363.4038
2026-04-16,1352.7433
2026-04-17,1359.5437
2026-04-20,1374.1803
2026-04-21,1378.9431
2026-04-22,1378.2002
2026-04-23,1387.7445
2026-04-24,1396.757
2026-04-27,1413.0863
2026-04-28,1407.9985
2026-04-29,1395.9053
2026-04-30,1380.9185
2026-05-04,1399.137
2026-05-05,1395.215
2026-05-06,1386.2488
2026-05-07,1390.8236
2026-05-08,1393.8934
2026-05-11,1399.4529
2026-05-12,1386.6976
2026-05-13,1388.7256
2026-05-14,1393.3036
2026-05-15,1395.3379
2026-05-18,1394.7975
2026-05-19,1398.9293
2026-05-20,1398.9896
2026-05-21,1392.3639
2026-05-22,1392.7017
2026-05-26,1407.195
2026-05-27,1411.2416
2026-05-28,1411.4407
2026-05-29,1410.0631
2026-06-01,1420.5482
2026-06-02,1427.0381
2026-06-03,1434.7062
2026-06-04,1438.1246
2026-06-05,1442.2496
2026-06-08,1445.2065
2026-06-09,1446.0402
2026-06-10,1436.4644
2026-06-11,1427.7443
2026-06-12,1431.3567
2026-06-16,1432.6329
2026-06-17,1438.1368
2026-06-18,1449.1543
2026-06-22,1456.9365
2026-06-23,1469.3951
2026-06-24,1477.4114
2026-06-25,1477.5032
2026-06-26,1474.449
2026-06-29,1480.7037
2026-06-30,1483.0258
2026-07-01,1487.3674
2026-07-02,1489.621
2026-07-03,1488.4124
2026-07-06,1488.8456
2026-07-07,1491.4012
2026-07-08,1491.2095
2026-07-13,1486.6294
2026-07-14,1475.6746
2026-07-15,1475.1993
2026-07-16,1475.0916
2026-07-17,1479.7509
2026-07-20,1479.7118
2026-07-21,1478.0615
2026-07-22,1480.9357
2026-07-23,1489.8982
2026-07-24,1494.489
2026-07-27,1498.3868
2026-07-28,1499.8262
2026-07-29,1496.1561
2026-07-30,1490.9271
2026-07-31,1488.6251
2026-08-03,1493.4386
2026-08-04,1496.4728
2026-08-05,1496.3849
2026-08-06,1497.186
2026-08-07,1498.5132
2026-08-10,1498.0508
2026-08-11,1492.4626
2026-08-12,1492.4722
2026-08-13,1491.8936
2026-08-14,1488.8273
2026-08-18,1494.0729
2026-08-19,1497.5872
2026-08-20,1497.4594
2026-08-21,1497.486
2026-08-24,1507.0579
2026-08-25,1511.658
2026-08-26,1513.8842
2026-08-27,1512.7312
2026-08-28,1513.0573
2026-08-31,1509.608
2026-09-01,1512.6604
2026-09-02,1511.6256
2026-09-03,1508.419
2026-09-04,1507.2706
2026-09-08,1510.0109
2026-09-09,1515.1608
2026-09-10,1513.4117
2026-09-11,1509.7645
2026-09-14,1510.8103
2026-09-15,1506.6233
2026-09-16,1508.2769
2026-09-17,1510.2463
2026-09-18,1512.0161
2026-09-21,1515.2135
2026-09-22,1514.1129
2026-09-23,1516.3916
2026-09-24,1518.9362
2026-09-25,1523.9344
2026-09-28,1529.0746
2026-09-29,1523.7721
2026-09-30,1517.9583
